100.1.119.41,
102.177.192.60,
102.65.38.67,
103.108.97.51,
103.109.247.10,
103.109.247.13,
103.109.247.8,
103.109.247.9,
103.116.178.85,
103.124.106.174,
103.124.107.109,
103.124.144.123,
103.127.67.38,
103.139.242.30,
103.140.207.110,
103.142.10.177,
103.143.8.71,
103.146.232.154,
103.150.68.124,
103.161.172.108,
103.164.180.66,
103.208.86.148,
103.208.86.151,
103.208.86.176
100.1.119.41,
102.177.192.60,
102.65.38.67,
103.108.97.51,
103.109.247.10,
103.109.247.13,
103.109.247.8,
103.109.247.9,
103.116.178.85,
103.124.106.174,
103.124.107.109,
103.124.144.123,
103.127.67.38,
103.139.242.30,
103.140.207.110,
103.142.10.177,
103.143.8.71,
103.146.232.154,
103.150.68.124,
103.161.172.108,
103.164.180.66,
103.208.86.148,
103.208.86.151,
103.208.86.176
103.208.86.177,
103.208.86.179,
103.208.86.182,
103.233.25.228,
103.238.203.82,
103.238.228.115,
103.253.107.153,
103.253.107.155,
103.253.107.156,
103.253.107.198,
103.36.126.221,
103.36.79.3,
103.47.60.57,
103.52.135.61,
103.70.29.126,
103.70.29.165,
103.73.102.174,
103.74.143.53,
103.77.205.102,
103.82.248.59,
103.8.26.102,
103.8.26.103,
103.87.173.60,
103.9.36.172
103.208.86.177,
103.208.86.179,
103.208.86.182,
103.233.25.228,
103.238.203.82,
103.238.228.115,
103.253.107.153,
103.253.107.155,
103.253.107.156,
103.253.107.198,
103.36.126.221,
103.36.79.3,
103.47.60.57,
103.52.135.61,
103.70.29.126,
103.70.29.165,
103.73.102.174,
103.74.143.53,
103.77.205.102,
103.82.248.59,
103.8.26.102,
103.8.26.103,
103.87.173.60,
103.9.36.172
103.94.0.178,
104.168.155.129,
104.238.138.234,
104.248.178.90,
104.36.167.47,
105.198.236.99,
106.51.48.170,
107.170.4.227,
107.170.64.97,
108.4.67.252,
108.55.14.158,
109.12.111.14,
109.196.148.123,
109.75.64.100,
110.172.137.20,
111.125.245.116,
111.235.66.83,
113.160.37.196,
114.79.145.28,
114.79.148.170,
116.124.128.206,
116.206.153.212,
116.90.234.82,
117.220.229.162
103.94.0.178,
104.168.155.129,
104.238.138.234,
104.248.178.90,
104.36.167.47,
105.198.236.99,
106.51.48.170,
107.170.4.227,
107.170.64.97,
108.4.67.252,
108.55.14.158,
109.12.111.14,
109.196.148.123,
109.75.64.100,
110.172.137.20,
111.125.245.116,
111.235.66.83,
113.160.37.196,
114.79.145.28,
114.79.148.170,
116.124.128.206,
116.206.153.212,
116.90.234.82,
117.220.229.162
117.248.109.38,
117.54.140.98,
119.59.125.140,
120.150.218.241,
120.50.40.185,
121.175.104.13,
121.199.35.69,
122.117.90.133,
122.129.203.163,
123.252.190.14,
1.234.21.73,
1.234.65.61,
124.41.211.17,
125.234.128.250,
128.106.122.39,
128.199.192.135,
128.199.206.91,
128.199.232.159,
128.201.76.252,
129.232.146.250,
131.100.24.192,
131.100.24.199,
131.72.127.126,
134.209.247.135
117.248.109.38,
117.54.140.98,
119.59.125.140,
120.150.218.241,
120.50.40.185,
121.175.104.13,
121.199.35.69,
122.117.90.133,
122.129.203.163,
123.252.190.14,
1.234.21.73,
1.234.65.61,
124.41.211.17,
125.234.128.250,
128.106.122.39,
128.199.192.135,
128.199.206.91,
128.199.232.159,
128.201.76.252,
129.232.146.250,
131.100.24.192,
131.100.24.199,
131.72.127.126,
134.209.247.135
136.143.11.232,
136.228.128.21,
136.228.129.179,
136.232.34.70,
138.197.109.175,
138.36.1.137,
139.162.113.169,
139.162.232.153,
139.255.199.196,
139.59.14.223,
139.59.56.73,
14.102.188.227,
142.4.219.173,
142.44.247.57,
142.93.218.86,
144.139.47.206,
144.202.34.169,
144.217.91.150,
144.48.139.206,
144.76.42.74,
144.86.10.42,
144.91.110.219,
144.91.122.100,
144.91.122.102
136.143.11.232,
136.228.128.21,
136.228.129.179,
136.232.34.70,
138.197.109.175,
138.36.1.137,
139.162.113.169,
139.162.232.153,
139.255.199.196,
139.59.14.223,
139.59.56.73,
14.102.188.227,
142.4.219.173,
142.44.247.57,
142.93.218.86,
144.139.47.206,
144.202.34.169,
144.217.91.150,
144.48.139.206,
144.76.42.74,
144.86.10.42,
144.91.110.219,
144.91.122.100,
144.91.122.102
144.91.122.94,
147.189.143.13,
148.235.154.164,
148.251.238.52,
149.135.101.20,
149.200.165.116,
14.96.79.22,
151.106.39.36,
152.156.122.10,
153.126.165.175,
154.79.244.182,
154.79.251.172,
156.19.152.218,
158.140.143.54,
159.224.167.102,
159.65.1.71,
159.65.3.147,
159.89.195.36,
162.214.106.107,
162.214.127.16,
162.214.188.105,
162.214.50.39,
162.33.177.154,
162.33.178.30
144.91.122.94,
147.189.143.13,
148.235.154.164,
148.251.238.52,
149.135.101.20,
149.200.165.116,
14.96.79.22,
151.106.39.36,
152.156.122.10,
153.126.165.175,
154.79.244.182,
154.79.251.172,
156.19.152.218,
158.140.143.54,
159.224.167.102,
159.65.1.71,
159.65.3.147,
159.89.195.36,
162.214.106.107,
162.214.127.16,
162.214.188.105,
162.214.50.39,
162.33.177.154,
162.33.178.30
162.33.178.33,
162.33.179.47,
164.68.99.3,
164.90.159.54,
167.172.119.42,
167.71.11.125,
167.99.141.108,
168.121.97.34,
168.195.167.130,
168.197.250.14,
170.130.55.98,
170.238.117.187,
170.78.0.135,
171.235.33.211,
173.21.10.71,
173.25.166.81,
173.71.147.134,
176.205.194.245,
176.205.209.183,
176.24.150.197,
176.31.163.17,
176.67.56.94,
177.138.142.97,
177.37.161.136
162.33.178.33,
162.33.179.47,
164.68.99.3,
164.90.159.54,
167.172.119.42,
167.71.11.125,
167.99.141.108,
168.121.97.34,
168.195.167.130,
168.197.250.14,
170.130.55.98,
170.238.117.187,
170.78.0.135,
171.235.33.211,
173.21.10.71,
173.25.166.81,
173.71.147.134,
176.205.194.245,
176.205.209.183,
176.24.150.197,
176.31.163.17,
176.67.56.94,
177.138.142.97,
177.37.161.136
177.52.221.73,
177.52.26.233,
177.67.137.111,
177.72.80.14,
177.75.5.222,
177.87.0.7,
178.128.197.110,
178.128.23.9,
178.128.83.165,
178.134.47.166,
178.153.86.181,
178.238.236.59,
178.254.33.197,
178.33.13.40,
178.79.144.87,
178.79.147.66,
178.79.150.86,
180.214.246.226,
180.233.150.134,
181.113.63.86,
181.129.167.82,
181.129.251.109,
181.129.85.98,
181.143.251.154
177.52.221.73,
177.52.26.233,
177.67.137.111,
177.72.80.14,
177.75.5.222,
177.87.0.7,
178.128.197.110,
178.128.23.9,
178.128.83.165,
178.134.47.166,
178.153.86.181,
178.238.236.59,
178.254.33.197,
178.33.13.40,
178.79.144.87,
178.79.147.66,
178.79.150.86,
180.214.246.226,
180.233.150.134,
181.113.63.86,
181.129.167.82,
181.129.251.109,
181.129.85.98,
181.143.251.154
181.176.174.139,
181.189.221.250,
181.196.148.202,
181.196.148.42,
181.205.41.42,
181.211.247.43,
181.49.135.242,
182.176.180.73,
182.191.92.203,
182.253.100.150,
182.253.106.35,
182.253.210.130,
184.74.99.214,
185.164.32.148,
185.183.98.39,
185.184.25.237,
185.242.88.63,
185.242.89.198,
185.4.135.27,
185.53.147.51,
185.82.144.173,
185.9.187.10,
185.94.172.15,
185.99.2.197
181.176.174.139,
181.189.221.250,
181.196.148.202,
181.196.148.42,
181.205.41.42,
181.211.247.43,
181.49.135.242,
182.176.180.73,
182.191.92.203,
182.253.100.150,
182.253.106.35,
182.253.210.130,
184.74.99.214,
185.164.32.148,
185.183.98.39,
185.184.25.237,
185.242.88.63,
185.242.89.198,
185.4.135.27,
185.53.147.51,
185.82.144.173,
185.9.187.10,
185.94.172.15,
185.99.2.197
186.121.214.106,
186.159.12.18,
186.159.16.58,
186.159.4.217,
186.159.5.177,
186.194.119.205,
186.225.119.170,
186.235.250.230,
186.250.48.117,
186.250.48.123,
186.32.3.108,
186.42.212.30,
186.47.75.58,
186.64.87.195,
186.64.87.197,
186.64.87.213,
186.71.134.62,
186.97.172.178,
186.97.201.66,
187.108.32.133,
187.162.59.232,
187.189.86.168,
187.19.167.233,
187.95.113.110
186.121.214.106,
186.159.12.18,
186.159.16.58,
186.159.4.217,
186.159.5.177,
186.194.119.205,
186.225.119.170,
186.235.250.230,
186.250.48.117,
186.250.48.123,
186.32.3.108,
186.42.212.30,
186.47.75.58,
186.64.87.195,
186.64.87.197,
186.64.87.213,
186.71.134.62,
186.97.172.178,
186.97.201.66,
187.108.32.133,
187.162.59.232,
187.189.86.168,
187.19.167.233,
187.95.113.110
188.214.241.242,
188.234.115.35,
188.40.48.93,
189.112.119.205,
189.126.72.249,
189.174.46.65,
189.252.173.60,
189.51.118.78,
190.109.169.161,
190.109.171.17,
190.110.222.109,
190.145.83.98,
190.152.125.75,
190.152.4.202,
190.197.55.254,
190.214.21.14,
190.248.146.170,
190.39.205.165,
190.45.79.111,
190.61.46.106,
190.73.3.148,
190.93.208.53,
191.103.252.193,
191.36.151.129
188.214.241.242,
188.234.115.35,
188.40.48.93,
189.112.119.205,
189.126.72.249,
189.174.46.65,
189.252.173.60,
189.51.118.78,
190.109.169.161,
190.109.171.17,
190.110.222.109,
190.145.83.98,
190.152.125.75,
190.152.4.202,
190.197.55.254,
190.214.21.14,
190.248.146.170,
190.39.205.165,
190.45.79.111,
190.61.46.106,
190.73.3.148,
190.93.208.53,
191.103.252.193,
191.36.151.129
192.119.93.26,
192.99.150.39,
194.1.193.11,
194.15.112.35,
194.190.18.122,
194.233.68.48,
194.29.101.118,
194.36.28.238,
194.36.28.26,
194.9.172.107,
195.231.9.119,
197.89.144.130,
198.199.70.22,
198.199.98.78,
198.27.67.35,
198.61.167.176,
200.105.199.234,
200.201.185.194,
200.233.192.111,
200.236.218.62,
200.7.198.138,
200.83.98.31,
201.148.20.37,
201.172.31.95
192.119.93.26,
192.99.150.39,
194.1.193.11,
194.15.112.35,
194.190.18.122,
194.233.68.48,
194.29.101.118,
194.36.28.238,
194.36.28.26,
194.9.172.107,
195.231.9.119,
197.89.144.130,
198.199.70.22,
198.199.98.78,
198.27.67.35,
198.61.167.176,
200.105.199.234,
200.201.185.194,
200.233.192.111,
200.236.218.62,
200.7.198.138,
200.83.98.31,
201.148.20.37,
201.172.31.95
201.184.226.74,
202.144.203.140,
202.179.185.203,
202.29.237.113,
202.29.239.161,
202.51.122.163,
203.173.94.162,
204.174.223.210,
207.154.208.93,
207.180.220.242,
207.180.228.237,
207.210.201.159,
207.246.112.221,
209.210.95.228,
209.239.112.82,
209.33.231.203,
210.57.217.132,
211.172.241.52,
212.112.86.37,
212.175.98.171,
212.237.17.99,
213.120.26.24,
213.136.86.165,
213.190.4.223
201.184.226.74,
202.144.203.140,
202.179.185.203,
202.29.237.113,
202.29.239.161,
202.51.122.163,
203.173.94.162,
204.174.223.210,
207.154.208.93,
207.180.220.242,
207.180.228.237,
207.210.201.159,
207.246.112.221,
209.210.95.228,
209.239.112.82,
209.33.231.203,
210.57.217.132,
211.172.241.52,
212.112.86.37,
212.175.98.171,
212.237.17.99,
213.120.26.24,
213.136.86.165,
213.190.4.223
213.32.252.221,
216.10.251.121,
216.108.227.55,
216.177.161.118,
216.238.71.31,
216.238.72.121,
217.128.93.27,
217.160.5.104,
217.164.247.241,
217.165.123.47,
217.17.56.163,
217.39.100.89,
218.101.110.3,
218.253.234.82,
220.255.25.187,
2.222.167.138,
23.233.146.92,
23.246.204.126,
23.253.208.162,
24.139.72.117,
24.152.219.253,
24.162.214.166,
24.178.196.158,
24.222.20.254
213.32.252.221,
216.10.251.121,
216.108.227.55,
216.177.161.118,
216.238.71.31,
216.238.72.121,
217.128.93.27,
217.160.5.104,
217.164.247.241,
217.165.123.47,
217.17.56.163,
217.39.100.89,
218.101.110.3,
218.253.234.82,
220.255.25.187,
2.222.167.138,
23.233.146.92,
23.246.204.126,
23.253.208.162,
24.139.72.117,
24.152.219.253,
24.162.214.166,
24.178.196.158,
24.222.20.254
24.229.150.54,
24.32.202.68,
24.53.49.240,
24.55.112.61,
24.95.61.62,
27.223.92.142,
27.5.4.111,
31.13.195.107,
31.13.195.125,
31.13.195.126,
31.13.195.133,
31.13.195.187,
31.13.195.189,
31.13.195.71,
31.13.195.85,
31.173.137.39,
31.173.137.47,
31.173.137.49,
31.207.89.74,
31.215.215.152,
31.215.70.105,
31.215.98.160,
31.215.99.73,
31.35.28.29
24.229.150.54,
24.32.202.68,
24.53.49.240,
24.55.112.61,
24.95.61.62,
27.223.92.142,
27.5.4.111,
31.13.195.107,
31.13.195.125,
31.13.195.126,
31.13.195.133,
31.13.195.187,
31.13.195.189,
31.13.195.71,
31.13.195.85,
31.173.137.39,
31.173.137.47,
31.173.137.49,
31.207.89.74,
31.215.215.152,
31.215.70.105,
31.215.98.160,
31.215.99.73,
31.35.28.29
32.221.229.7,
36.37.99.242,
36.67.109.15,
36.67.97.127,
36.89.98.183,
36.91.186.235,
36.91.36.29,
36.92.59.93,
36.95.110.19,
37.187.115.122,
37.210.226.125,
37.211.157.100,
37.247.35.130,
37.57.82.112,
37.59.103.148,
37.59.74.180,
38.70.253.226,
39.49.104.126,
39.49.21.132,
39.49.27.10,
39.49.44.85,
40.134.247.125,
41.175.22.226,
41.228.22.180
32.221.229.7,
36.37.99.242,
36.67.109.15,
36.67.97.127,
36.89.98.183,
36.91.186.235,
36.91.36.29,
36.92.59.93,
36.95.110.19,
37.187.115.122,
37.210.226.125,
37.211.157.100,
37.247.35.130,
37.57.82.112,
37.59.103.148,
37.59.74.180,
38.70.253.226,
39.49.104.126,
39.49.21.132,
39.49.27.10,
39.49.44.85,
40.134.247.125,
41.175.22.226,
41.228.22.180
41.76.108.46,
41.86.42.158,
43.252.158.104,
45.116.106.45,
45.15.23.184,
45.229.162.233,
45.33.20.41,
45.33.33.91,
45.36.99.184,
45.46.53.140,
45.56.121.87,
45.65.249.154,
45.79.248.254,
45.79.91.89,
45.90.108.123,
45.9.20.200,
46.101.175.170,
46.101.90.205,
46.55.222.11,
49.156.39.150,
49.176.188.184,
49.248.217.170,
50.116.62.25,
50.21.183.143
41.76.108.46,
41.86.42.158,
43.252.158.104,
45.116.106.45,
45.15.23.184,
45.229.162.233,
45.33.20.41,
45.33.33.91,
45.36.99.184,
45.46.53.140,
45.56.121.87,
45.65.249.154,
45.79.248.254,
45.79.91.89,
45.90.108.123,
45.9.20.200,
46.101.175.170,
46.101.90.205,
46.55.222.11,
49.156.39.150,
49.176.188.184,
49.248.217.170,
50.116.62.25,
50.21.183.143
50.237.134.22,
50.238.6.36,
50.29.166.232,
51.159.35.157,
51.178.161.32,
51.178.186.134,
51.178.61.60,
51.210.242.234,
51.254.140.238,
51.38.71.0,
51.68.138.110,
51.68.175.8,
51.75.33.120,
51.79.205.117,
5.181.156.16,
5.182.210.132,
51.83.3.52,
5.189.150.29,
51.91.142.158,
51.91.76.89,
5.199.162.48,
5.32.41.46,
5.34.74.210,
5.39.99.208
50.237.134.22,
50.238.6.36,
50.29.166.232,
51.159.35.157,
51.178.161.32,
51.178.186.134,
51.178.61.60,
51.210.242.234,
51.254.140.238,
51.38.71.0,
51.68.138.110,
51.68.175.8,
51.75.33.120,
51.79.205.117,
5.181.156.16,
5.182.210.132,
51.83.3.52,
5.189.150.29,
51.91.142.158,
51.91.76.89,
5.199.162.48,
5.32.41.46,
5.34.74.210,
5.39.99.208
54.37.106.167,
54.37.212.235,
54.37.70.105,
54.37.84.240,
54.38.143.246,
54.39.98.141,
5.54.35.115,
59.6.7.83,
61.19.116.53,
61.69.102.170,
62.171.184.244,
62.210.200.63,
62.210.82.223,
62.64.9.237,
63.143.92.99,
63.153.187.104,
64.251.25.156,
65.100.174.110,
65.128.36.247,
66.175.217.172,
67.165.206.193,
67.207.95.35,
67.209.195.198,
68.186.192.69
54.37.106.167,
54.37.212.235,
54.37.70.105,
54.37.84.240,
54.38.143.246,
54.39.98.141,
5.54.35.115,
59.6.7.83,
61.19.116.53,
61.69.102.170,
62.171.184.244,
62.210.200.63,
62.210.82.223,
62.64.9.237,
63.143.92.99,
63.153.187.104,
64.251.25.156,
65.100.174.110,
65.128.36.247,
66.175.217.172,
67.165.206.193,
67.207.95.35,
67.209.195.198,
68.186.192.69
68.204.7.158,
69.14.172.24,
69.16.218.101,
69.64.50.41,
70.163.1.219,
70.51.134.181,
70.51.153.90,
70.93.80.154,
71.74.12.34,
72.252.201.34,
72.66.116.235,
73.140.38.124,
73.151.236.31,
73.171.4.177,
73.5.119.219,
74.15.2.252,
74.5.148.57,
74.63.218.139,
75.110.250.187,
75.156.151.34,
75.169.58.229,
75.176.235.182,
75.188.35.168,
76.169.147.192
68.204.7.158,
69.14.172.24,
69.16.218.101,
69.64.50.41,
70.163.1.219,
70.51.134.181,
70.51.153.90,
70.93.80.154,
71.74.12.34,
72.252.201.34,
72.66.116.235,
73.140.38.124,
73.151.236.31,
73.171.4.177,
73.5.119.219,
74.15.2.252,
74.5.148.57,
74.63.218.139,
75.110.250.187,
75.156.151.34,
75.169.58.229,
75.176.235.182,
75.188.35.168,
76.169.147.192
76.25.142.196,
77.232.163.203,
77.57.204.78,
78.101.82.198,
78.180.163.25,
78.180.170.159,
78.180.66.163,
78.191.12.29,
79.160.207.214,
79.167.192.206,
79.173.195.234,
80.14.196.176,
80.211.3.13,
80.211.40.191,
80.6.192.58,
81.190.193.197,
81.214.126.173,
81.223.127.86,
82.152.39.39,
82.160.88.100,
83.110.91.18,
83.138.53.138,
83.146.71.242,
85.10.248.28
76.25.142.196,
77.232.163.203,
77.57.204.78,
78.101.82.198,
78.180.163.25,
78.180.170.159,
78.180.66.163,
78.191.12.29,
79.160.207.214,
79.167.192.206,
79.173.195.234,
80.14.196.176,
80.211.3.13,
80.211.40.191,
80.6.192.58,
81.190.193.197,
81.214.126.173,
81.223.127.86,
82.152.39.39,
82.160.88.100,
83.110.91.18,
83.138.53.138,
83.146.71.242,
85.10.248.28
85.114.130.154,
85.88.174.94,
86.144.217.66,
86.49.161.18,
86.97.9.219,
86.97.9.221,
86.98.52.117,
86.98.53.83,
87.120.254.112,
87.120.254.135,
87.120.254.21,
87.120.254.33,
87.120.254.75,
87.120.254.96,
87.120.37.122,
87.120.37.179,
87.120.37.64,
87.120.37.71,
87.120.37.76,
87.120.8.101,
87.120.8.112,
87.120.8.129,
87.120.8.163,
87.120.8.170
85.114.130.154,
85.88.174.94,
86.144.217.66,
86.49.161.18,
86.97.9.219,
86.97.9.221,
86.98.52.117,
86.98.53.83,
87.120.254.112,
87.120.254.135,
87.120.254.21,
87.120.254.33,
87.120.254.75,
87.120.254.96,
87.120.37.122,
87.120.37.179,
87.120.37.64,
87.120.37.71,
87.120.37.76,
87.120.8.101,
87.120.8.112,
87.120.8.129,
87.120.8.163,
87.120.8.170
87.120.8.171,
87.120.8.177,
87.120.8.179,
87.120.8.185,
87.120.8.198,
87.120.8.241,
87.120.8.248,
87.120.8.46,
87.120.8.87,
87.120.8.91,
87.120.8.99,
87.121.52.124,
87.121.52.13,
87.121.52.177,
87.121.52.195,
87.121.52.248,
87.97.178.92,
88.234.147.66,
88.253.171.236,
89.101.97.139,
89.137.52.44,
89.31.56.58,
91.121.134.180,
91.121.146.47
87.120.8.171,
87.120.8.177,
87.120.8.179,
87.120.8.185,
87.120.8.198,
87.120.8.241,
87.120.8.248,
87.120.8.46,
87.120.8.87,
87.120.8.91,
87.120.8.99,
87.121.52.124,
87.121.52.13,
87.121.52.177,
87.121.52.195,
87.121.52.248,
87.97.178.92,
88.234.147.66,
88.253.171.236,
89.101.97.139,
89.137.52.44,
89.31.56.58,
91.121.134.180,
91.121.146.47
91.178.126.51,
91.201.202.216,
91.207.181.106,
91.207.28.33,
91.243.125.5,
91.83.88.122,
91.92.109.141,
91.92.109.52,
91.92.109.54,
92.240.254.110,
93.188.167.97,
93.48.58.123,
93.48.80.198,
94.136.143.124,
94.140.112.185,
94.140.113.0,
94.140.114.201,
94.177.218.33,
94.200.181.154,
94.28.78.200,
94.60.254.81,
94.62.161.77,
95.110.160.239,
95.140.217.242
91.178.126.51,
91.201.202.216,
91.207.181.106,
91.207.28.33,
91.243.125.5,
91.83.88.122,
91.92.109.141,
91.92.109.52,
91.92.109.54,
92.240.254.110,
93.188.167.97,
93.48.58.123,
93.48.80.198,
94.136.143.124,
94.140.112.185,
94.140.113.0,
94.140.114.201,
94.177.218.33,
94.200.181.154,
94.28.78.200,
94.60.254.81,
94.62.161.77,
95.110.160.239,
95.140.217.242
95.5.133.68,
96.21.251.127,
96.37.113.36,
96.80.109.57,
96.9.77.56,
97.107.134.115,
97.83.40.67,
98.0.159.122
95.5.133.68,
96.21.251.127,
96.37.113.36,
96.80.109.57,
96.9.77.56,
97.107.134.115,
97.83.40.67,
98.0.159.122
101.34.216.145,
103.160.5.93,
103.165.49.147,
103.243.25.83,
103.43.12.162,
103.82.27.49,
104.244.72.120,
104.244.72.132,
104.244.72.247,
104.244.76.167,
104.244.78.160,
104.244.78.168,
104.244.78.62,
104.248.196.187,
104.248.200.136,
104.248.85.104,
106.12.45.189,
106.75.164.154,
106.75.169.79,
106.75.173.75,
106.75.177.49,
106.75.184.237,
106.75.190.201,
106.75.223.168,
106.75.223.50,
106.75.246.50,
106.75.251.234,
106.75.64.59,
106.75.79.172,
106.75.84.37,
107.189.1.167,
107.189.12.227,
107.189.12.238,
107.189.12.7,
107.189.13.100,
107.189.14.165,
107.189.14.215,
107.189.14.27,
107.189.28.102,
107.189.28.253,
107.189.29.105,
107.189.29.107,
107.189.31.112,
107.189.31.156,
107.189.3.246,
107.189.4.203,
107.189.5.5,
107.189.5.68,
107.189.6.166,
107.189.7.175,
107.189.8.33,
109.74.204.123,
110.78.32.61,
111.67.194.231,
112.195.64.91,
112.65.206.11,
112.85.42.28,
112.85.42.49,
112.85.42.73,
113.31.103.17,
113.31.125.232,
114.75.231.39,
115.73.16.46,
115.73.19.164,
115.73.19.58,
115.73.23.171,
115.73.24.113,
115.73.25.215,
115.73.27.23,
115.74.129.184,
115.74.131.11,
115.74.132.226,
115.74.138.115,
115.74.140.191,
115.74.142.106,
115.74.142.15,
115.76.100.157,
115.76.100.84,
115.76.110.181,
115.76.88.235,
115.76.88.44,
115.76.90.249,
115.76.91.105,
115.76.92.62,
115.76.94.45,
115.76.97.175,
115.76.99.53,
115.77.226.235,
115.77.229.10,
115.77.229.133,
115.77.229.70,
116.103.16.107,
116.103.21.102,
116.105.160.32,
116.105.160.36,
116.105.160.62,
116.105.160.97,
116.105.16.133,
116.105.164.21,
116.105.164.97,
116.105.166.32,
116.105.169.144,
116.105.169.57,
116.105.169.91,
116.105.172.122,
116.105.172.160,
116.105.173.36,
116.105.174.66,
116.105.207.91,
116.105.208.201,
116.105.214.79,
116.105.215.30,
116.105.217.6,
116.105.220.87,
116.105.22.179,
116.105.222.202,
116.105.23.55,
116.105.24.250,
116.105.25.219,
116.105.26.123,
116.105.26.156,
116.105.26.187,
116.105.31.158,
116.105.72.18,
116.105.72.219,
116.105.72.84,
116.105.73.203,
116.105.76.138,
116.105.76.243,
116.105.77.128,
116.105.77.214,
116.105.77.83,
116.105.78.239,
116.105.79.228,
116.105.79.57,
116.106.193.70,
116.106.194.182,
116.106.194.39,
116.106.199.9,
116.110.0.255,
116.110.106.239,
116.110.111.19,
116.110.113.123,
116.110.113.53,
116.110.117.111,
116.110.122.53,
116.110.125.170,
116.110.14.224,
116.110.148.240,
116.110.15.112,
116.110.15.140,
116.110.17.178,
116.110.1.89,
116.110.19.131,
116.110.19.218,
116.110.2.189,
116.110.22.96,
116.110.24.4,
116.110.248.226,
116.110.25.208,
116.110.4.184,
116.110.5.102,
116.110.66.234,
116.110.67.137,
116.110.7.111,
116.110.7.143,
116.110.75.124,
116.110.76.236,
116.110.77.184,
116.110.80.222,
116.110.84.44,
116.110.87.225,
116.110.89.215,
116.110.90.192,
116.110.92.217,
116.110.94.143,
116.110.96.251,
116.110.9.69,
116.110.97.175,
116.110.97.183,
116.235.94.247,
116.98.161.31,
116.98.162.96,
116.98.163.165,
116.98.163.220,
116.98.163.40,
116.98.166.136,
116.98.170.3,
116.98.170.83,
116.98.172.212,
116.98.172.221,
116.98.174.238,
116.98.50.159,
116.98.54.231,
116.98.58.189,
116.98.59.26,
116.98.62.15,
117.50.110.5,
117.67.111.165,
117.67.124.233,
117.7.126.23,
118.193.40.46,
118.193.46.79,
119.13.85.205,
119.147.69.169,
119.23.211.228,
119.53.56.223,
120.197.140.38,
121.134.173.39,
122.114.161.193,
123.233.244.179,
124.224.87.182,
124.79.246.228,
125.75.150.142,
1.26.6.100,
128.199.100.105,
128.199.42.55,
128.199.46.177,
132.226.239.61,
133.167.104.92,
134.209.144.37,
134.209.146.174,
134.209.147.150,
134.209.155.164,
134.209.193.78,
134.209.195.231,
134.209.198.229,
134.209.20.123,
134.209.203.83,
134.209.205.24,
134.209.205.40,
134.209.206.234,
134.209.83.158,
13.52.99.27,
136.144.41.37,
137.184.13.86,
137.184.58.227,
138.68.177.97,
139.59.111.116,
139.59.120.130,
140.246.119.98,
140.246.246.196,
141.94.22.5,
141.98.10.70,
141.98.11.16,
141.98.11.23,
141.98.11.27,
143.110.179.115,
143.110.189.128,
143.110.230.249,
143.110.243.100,
143.110.248.98,
143.198.155.47,
143.198.176.79,
143.198.63.103,
144.126.222.242,
144.217.86.109,
144.21.87.42,
146.0.75.250,
147.135.62.203,
147.182.196.49,
147.182.204.218,
147.182.204.223,
147.182.252.81,
148.153.53.118,
149.3.171.61,
150.158.57.35,
152.32.131.197,
152.32.170.230,
152.69.221.168,
152.89.107.127,
154.89.5.68,
154.89.5.71,
154.89.5.75,
154.89.5.76,
154.89.5.77,
154.89.5.78,
154.89.5.79,
154.89.5.82,
154.89.5.83,
154.89.5.84,
157.245.103.227,
157.245.104.44,
159.223.0.6,
159.223.10.66,
159.223.166.118,
159.223.19.155,
159.223.85.219,
159.223.8.73,
159.223.9.13,
159.223.9.186,
159.65.148.231,
159.65.155.125,
159.65.197.9,
159.65.200.85,
159.65.228.224,
159.65.28.248,
159.65.29.206,
159.89.171.60,
159.89.194.175,
160.2.173.136,
160.251.41.117,
161.35.201.142,
161.35.205.46,
161.35.59.109,
161.97.164.21,
161.97.187.24,
162.191.8.74,
162.240.28.64,
164.90.203.55,
164.90.212.5,
164.90.230.201,
164.92.210.195,
164.92.212.224,
164.92.214.104,
164.92.214.107,
164.92.214.109,
164.92.214.112,
164.92.214.61,
164.92.215.124,
164.92.217.170,
164.92.217.29,
164.92.218.22,
164.92.220.119,
164.92.220.153,
164.92.220.188,
164.92.220.239,
164.92.220.31,
164.92.221.220,
164.92.221.53,
164.92.221.54,
164.92.221.55,
164.92.221.56,
164.92.221.57,
164.92.222.142,
164.92.222.152,
164.92.222.167,
164.92.222.168,
164.92.222.170,
164.92.222.176,
165.154.21.120,
165.154.44.158,
165.154.60.61,
165.154.6.57,
165.22.204.197,
165.22.205.114,
165.232.84.252,
165.232.84.254,
165.232.92.17,
165.232.92.225,
165.232.92.229,
165.232.92.241,
165.232.94.236,
165.232.94.237,
165.232.94.239,
165.232.94.240,
165.232.94.241,
165.232.94.242,
165.232.94.244,
165.232.94.245,
165.232.94.249,
167.172.48.176,
167.71.10.210,
167.71.224.100,
167.71.48.128,
167.99.209.141,
167.99.215.216,
167.99.217.237,
167.99.36.169,
167.99.36.88,
167.99.39.134,
167.99.41.232,
167.99.43.79,
167.99.80.125,
167.99.88.94,
171.227.193.222,
171.227.195.110,
171.227.198.59,
171.227.201.3,
171.227.202.246,
171.227.207.51,
171.227.216.209,
171.227.218.34,
171.227.220.42,
171.227.221.119,
171.227.223.128,
171.227.223.168,
171.238.159.10,
171.238.159.27,
171.243.118.183,
171.243.118.186,
171.243.121.74,
171.243.125.22,
171.245.44.169,
171.250.43.147,
171.250.43.177,
171.250.44.138,
171.250.46.50,
171.251.17.144,
171.251.18.27,
171.251.19.126,
171.251.19.42,
171.251.21.43,
171.251.25.11,
171.251.29.111,
171.252.129.159,
171.252.173.51,
171.252.186.42,
171.252.186.54,
171.252.209.2,
171.252.224.10,
171.252.224.142,
171.252.225.214,
171.252.225.65,
171.252.226.21,
171.252.226.220,
171.252.227.127,
171.252.227.39,
171.254.192.207,
171.254.194.129,
171.254.195.215,
171.254.195.73,
173.212.215.60,
174.138.29.89,
176.97.64.130,
178.128.249.136,
178.176.202.62,
178.203.35.190,
178.62.198.109,
178.62.249.11,
178.62.253.157,
178.62.3.183,
178.79.148.229,
178.79.177.104,
179.43.187.174,
179.43.187.36,
179.43.187.37,
179.43.187.70,
180.76.116.41,
18.162.40.130,
183.221.242.91,
183.236.118.29,
184.168.120.45,
184.168.126.71,
185.100.87.129,
185.100.87.133,
185.112.144.68,
185.126.217.146,
185.129.61.2,
185.129.61.3,
185.129.61.6,
185.130.47.58,
185.165.171.175,
185.191.127.212,
185.191.127.213,
185.191.127.214,
185.191.127.215,
185.191.127.231,
185.213.155.168,
185.215.167.218,
185.220.101.149,
185.220.102.254,
185.220.103.113,
185.220.103.118,
185.245.182.177,
185.246.130.20,
186.195.17.72,
188.166.102.204,
188.166.103.91,
188.166.114.48,
188.166.223.156,
188.166.228.226,
188.166.24.204,
188.166.25.98,
188.166.45.125,
188.166.60.8,
188.166.73.160,
188.43.70.33,
188.68.62.149,
194.163.133.196,
194.85.248.147,
195.128.125.216,
195.133.18.104,
197.153.56.207,
198.98.49.20,
198.98.62.6,
199.195.248.20,
199.195.248.29,
199.195.253.149,
199.231.184.61,
200.24.134.23,
20.151.250.239,
20.193.230.203,
20.197.177.161,
20.206.113.55,
20.206.98.238,
204.44.81.27,
205.185.114.158,
205.185.115.45,
205.185.120.235,
205.185.122.174,
205.185.124.178,
205.185.124.219,
205.185.125.184,
206.189.102.12,
206.189.103.89,
206.189.10.60,
206.189.13.19,
206.189.133.254,
206.189.136.196,
206.189.138.178,
206.189.15.226,
206.189.4.9,
206.189.5.133,
206.189.7.1,
20.65.55.56,
206.81.24.125,
208.78.219.71,
209.141.34.220,
209.141.36.11,
209.141.40.225,
209.141.42.136,
209.141.43.126,
209.141.44.102,
209.141.44.198,
209.141.46.251,
209.141.46.92,
209.141.47.131,
209.141.53.74,
209.141.54.15,
209.141.59.176,
209.141.59.5,
211.22.65.18,
212.192.241.124,
212.192.241.163,
213.233.184.21,
219.142.241.218,
220.74.0.120,
221.131.165.50,
221.131.165.62,
221.131.165.65,
221.181.185.111,
221.181.185.94,
222.187.238.58,
222.187.254.41,
223.71.167.163,
223.71.167.166,
23.154.177.6,
23.154.177.7,
23.183.82.153,
2.56.56.112,
2.56.56.68,
2.56.57.186,
2.56.57.215,
2.56.57.216,
2.56.59.114,
2.56.59.21,
2.58.149.17,
2.58.149.182,
2.58.149.221,
2.58.149.49,
2.58.149.70,
2.58.149.93,
27.64.16.172,
27.64.22.104,
27.64.23.86,
27.64.29.213,
27.64.29.79,
27.64.30.231,
27.64.31.50,
27.66.24.122,
27.69.243.178,
3.101.138.21,
31.172.80.104,
31.220.3.140,
3.128.206.149,
3.133.90.234,
34.107.97.57,
34.116.155.242,
34.116.169.200,
34.118.125.118,
34.118.126.118,
34.118.25.96,
34.118.4.180,
34.118.67.208,
34.118.70.137,
34.140.43.10,
34.142.106.60,
34.142.44.171,
34.142.8.222,
34.159.103.165,
34.159.219.223,
34.159.251.247,
34.159.97.205,
34.223.41.83,
34.65.109.232,
34.65.174.179,
34.65.197.94,
34.65.43.160,
34.65.47.158,
34.65.92.251,
34.65.97.244,
34.78.130.107,
34.89.91.229,
35.197.221.18,
35.205.18.218,
35.246.13.61,
35.83.250.97,
35.84.178.98,
37.0.10.28,
37.123.163.58,
38.91.102.38,
38.91.102.46,
38.91.102.77,
38.91.102.84,
40.72.98.8,
41.226.18.128,
42.97.47.17,
43.153.13.165,
43.153.17.225,
43.153.28.6,
43.156.25.214,
43.156.35.163,
45.13.104.179,
45.135.232.200,
45.144.155.39,
45.144.225.188,
45.145.64.158,
45.148.10.163,
45.153.160.133,
45.33.65.249,
45.61.186.103,
45.61.186.108,
45.61.186.113,
45.61.187.203,
45.61.187.222,
45.61.187.248,
45.79.82.183,
45.88.188.13,
46.19.139.18,
47.241.62.42,
49.12.199.171,
49.66.104.244,
51.89.111.206,
51.89.94.199,
52.131.241.195,
5.2.72.168,
5.2.73.169,
5.2.77.22,
54.176.70.242,
54.215.110.178,
54.219.196.211,
54.241.141.165,
58.222.83.94,
62.233.50.133,
62.233.50.53,
64.225.27.28,
64.227.107.96,
64.227.162.54,
64.227.162.55,
64.227.183.90,
64.227.187.152,
64.227.190.88,
66.45.234.187,
68.183.11.97,
68.183.12.126,
68.183.72.188,
68.183.9.117,
69.165.73.21,
72.167.48.55,
73.128.155.185,
77.102.46.167,
81.17.18.58,
81.17.18.59,
81.17.18.62,
81.68.164.167,
81.89.17.211,
81.99.102.74,
82.156.25.140,
8.215.66.107,
82.157.60.206,
84.216.173.124,
85.202.169.128,
85.202.169.161,
86.104.220.87,
88.80.186.144,
89.58.19.2,
91.149.225.120,
92.246.89.19,
92.255.85.135,
92.255.85.146,
92.255.85.28,
92.255.85.44,
93.95.230.253,
94.153.161.234,
95.111.226.175,
96.9.67.48,
97.74.80.115,
